{"cost":1967.353,"no_jobs":193,"avg_dis":34.5149649122807,"avg_cost":10.193538860103628,"avg_jobs":3.3859649122807016,"avg_time":0.0,"avg_load":0.0031505847953216377,"num_routes":57,"num_4wheels":0,"num_2wheels":0,"num_3wheels":0,"dada":0}